<ListMatchingProductsResponse
	xmlns="http://mws.amazonservices.com/schema/Products/2011-10-01">
	<ListMatchingProductsResult>
		<Products>
			<Product>
				<Identifiers>
					<MarketplaceASIN>
						<MarketplaceId>ATVPDKIKX0DER</MarketplaceId>
						<ASIN>B00IX1I3G6</ASIN>
					</MarketplaceASIN>
				</Identifiers>
				<AttributeSets>
					<ns2:ItemAttributes xml:lang="en-US"
						xmlns:ns2="http://mws.amazonservices.com/schema/Products/2011-10-01/default.xsd">
						<ns2:Binding>Ecard Gift Certificate</ns2:Binding>
						<ns2:Brand>Amazon</ns2:Brand>
						<ns2:Feature>Amazon.com Gift Cards never expire and carry no fees.
						</ns2:Feature>
						<ns2:Feature>No returns and no refunds on gift cards.
						</ns2:Feature>
						<ns2:Feature>Redeemable towards millions of items store-wide at
							Amazon.com or certain affiliated websites.</ns2:Feature>
						<ns2:Label>Amazon</ns2:Label>
						<ns2:Languages>
							<ns2:Language>
								<ns2:Name>english</ns2:Name>
								<ns2:Type>Unknown</ns2:Type>
							</ns2:Language>
						</ns2:Languages>
						<ns2:ListPrice>
							<ns2:Amount>50.00</ns2:Amount>
							<ns2:CurrencyCode>USD</ns2:CurrencyCode>
						</ns2:ListPrice>
						<ns2:Manufacturer>Amazon</ns2:Manufacturer>
						<ns2:Model>1_US_CC</ns2:Model>
						<ns2:PartNumber>topupGC</ns2:PartNumber>
						<ns2:ProductGroup>Electronic Gift Card</ns2:ProductGroup>
						<ns2:ProductTypeName>ABIS_GIFT_CARD</ns2:ProductTypeName>
						<ns2:Publisher>Amazon</ns2:Publisher>
						<ns2:ReleaseDate>2014-10-15</ns2:ReleaseDate>
						<ns2:SmallImage>
							<ns2:URL>http://ecx.images-amazon.com/images/I/41QswpWl3ZL._SL75_.jpg
							</ns2:URL>
							<ns2:Height Units="pixels">75</ns2:Height>
							<ns2:Width Units="pixels">75</ns2:Width>
						</ns2:SmallImage>
						<ns2:Studio>Amazon</ns2:Studio>
						<ns2:Title>Amazon.com Gift Card Balance Reload</ns2:Title>
					</ns2:ItemAttributes>
				</AttributeSets>
				<Relationships>
					<VariationParent
						xmlns="http://mws.amazonservices.com/schema/Products/2011-10-01">
						<Identifiers>
							<MarketplaceASIN>
								<MarketplaceId>ATVPDKIKX0DER</MarketplaceId>
								<ASIN>B00IX1CZ1U</ASIN>
							</MarketplaceASIN>
						</Identifiers>
					</VariationParent>
				</Relationships>
				<SalesRankings>
					<SalesRank>
						<ProductCategoryId>gift_card_display_on_website
						</ProductCategoryId>
						<Rank>1</Rank>
					</SalesRank>
					<SalesRank>
						<ProductCategoryId>2864196011</ProductCategoryId>
						<Rank>1</Rank>
					</SalesRank>
				</SalesRankings>
			</Product>
			<Product>
				<Identifiers>
					<MarketplaceASIN>
						<MarketplaceId>ATVPDKIKX0DER</MarketplaceId>
						<ASIN>B010S9N6OO</ASIN>
					</MarketplaceASIN>
				</Identifiers>
				<AttributeSets>
					<ns2:ItemAttributes xml:lang="en-US"
						xmlns:ns2="http://mws.amazonservices.com/schema/Products/2011-10-01/default.xsd">
						<ns2:Binding>Wireless Phone Accessory</ns2:Binding>
						<ns2:Brand>AmazonBasics</ns2:Brand>
						<ns2:Color>White</ns2:Color>
						<ns2:Feature>Apple MFi certified charging and syncing cable for
							your Apple devices</ns2:Feature>
						<ns2:Feature>Apple MFi certification ensures complete charge and
							sync compatibility with iPhone 7 Plus / 7 / 6s Plus / 6s / 6 Plus
							/ 6 / 5s / 5c / 5 / iPad Pro / iPad Air / Air 2 / iPad mini /
							mini 2 / mini 4 / iPad 4th gen / iPod Touch 5th gen / iPod nano
							7th gen and Beats Pill+</ns2:Feature>
						<ns2:Feature>Connects to your iPhone, iPad, or iPod with Lightning
							Connector and charges/syncs by connecting the USB connector into
							your wall charger or computer</ns2:Feature>
						<ns2:Feature>Compact Lightning Connector head works with nearly
							all cases</ns2:Feature>
						<ns2:Feature>An additional layer of protection has been added to
							the Lightning and USB ends to improve durability and reduce
							fraying; Cables have been tested to bend 95-degrees 4,000 times
						</ns2:Feature>
						<ns2:Feature>Backed by an AmazonBasics 1-Year Limited Warranty
						</ns2:Feature>
						<ns2:ItemDimensions>
							<ns2:Height Units="inches">0.20</ns2:Height>
							<ns2:Length Units="inches">72.00</ns2:Length>
							<ns2:Width Units="inches">0.33</ns2:Width>
							<ns2:Weight Units="pounds">0.09</ns2:Weight>
						</ns2:ItemDimensions>
						<ns2:Label>AmazonBasics</ns2:Label>
						<ns2:ListPrice>
							<ns2:Amount>7.99</ns2:Amount>
							<ns2:CurrencyCode>USD</ns2:CurrencyCode>
						</ns2:ListPrice>
						<ns2:Manufacturer>AmazonBasics</ns2:Manufacturer>
						<ns2:Model>L6LMF002-CS-R</ns2:Model>
						<ns2:PackageDimensions>
							<ns2:Height Units="inches">0.47</ns2:Height>
							<ns2:Length Units="inches">9.25</ns2:Length>
							<ns2:Width Units="inches">6.69</ns2:Width>
							<ns2:Weight Units="pounds">0.20</ns2:Weight>
						</ns2:PackageDimensions>
						<ns2:PackageQuantity>1</ns2:PackageQuantity>
						<ns2:PartNumber>L6LMF002-CS-R</ns2:PartNumber>
						<ns2:ProductGroup>Wireless</ns2:ProductGroup>
						<ns2:ProductTypeName>WIRELESS_ACCESSORY</ns2:ProductTypeName>
						<ns2:Publisher>AmazonBasics</ns2:Publisher>
						<ns2:Size>6 Feet</ns2:Size>
						<ns2:SmallImage>
							<ns2:URL>http://ecx.images-amazon.com/images/I/41thg-HYBLL._SL75_.jpg
							</ns2:URL>
							<ns2:Height Units="pixels">75</ns2:Height>
							<ns2:Width Units="pixels">68</ns2:Width>
						</ns2:SmallImage>
						<ns2:Studio>AmazonBasics</ns2:Studio>
						<ns2:Title>AmazonBasics Apple Certified Lightning to USB Cable - 6
							Feet (1.8 Meters) - White</ns2:Title>
					</ns2:ItemAttributes>
				</AttributeSets>
				<Relationships>
					<VariationParent
						xmlns="http://mws.amazonservices.com/schema/Products/2011-10-01">
						<Identifiers>
							<MarketplaceASIN>
								<MarketplaceId>ATVPDKIKX0DER</MarketplaceId>
								<ASIN>B011TUYQOU</ASIN>
							</MarketplaceASIN>
						</Identifiers>
					</VariationParent>
				</Relationships>
				<SalesRankings>
					<SalesRank>
						<ProductCategoryId>wireless_display_on_website</ProductCategoryId>
						<Rank>2</Rank>
					</SalesRank>
					<SalesRank>
						<ProductCategoryId>172540</ProductCategoryId>
						<Rank>1</Rank>
					</SalesRank>
					<SalesRank>
						<ProductCategoryId>3236443011</ProductCategoryId>
						<Rank>1</Rank>
					</SalesRank>
					<SalesRank>
						<ProductCategoryId>12661615011</ProductCategoryId>
						<Rank>1</Rank>
					</SalesRank>
				</SalesRankings>
			</Product>
			<Product>
				<Identifiers>
					<MarketplaceASIN>
						<MarketplaceId>ATVPDKIKX0DER</MarketplaceId>
						<ASIN>B005DLCJX2</ASIN>
					</MarketplaceASIN>
				</Identifiers>
				<AttributeSets>
					<ns2:ItemAttributes xml:lang="en-US"
						xmlns:ns2="http://mws.amazonservices.com/schema/Products/2011-10-01/default.xsd">
						<ns2:Binding>Health and Beauty</ns2:Binding>
						<ns2:Brand>Pampers</ns2:Brand>
						<ns2:Color>White</ns2:Color>
						<ns2:Feature>The #1 Choice of Hospitals (based on hospital sales
							data)</ns2:Feature>
						<ns2:Feature>The #1 Sensitive Wipe (based on U.S./Canada
							"Sensitive" nationally branded sales)</ns2:Feature>
						<ns2:Feature>Clinically Proven Mild</ns2:Feature>
						<ns2:Feature>Dermatologist-tested, Perfume-free, Hypoallergenic
						</ns2:Feature>
						<ns2:Feature>Helps restore natural pH of the skin</ns2:Feature>
						<ns2:Feature>Clinically proven mild</ns2:Feature>
						<ns2:Feature>Hypoallergenic and perfume Free</ns2:Feature>
						<ns2:Feature>Pampers Sensitive wipes are dermatologist tested
						</ns2:Feature>
						<ns2:Feature>Choice of Hospitals based on sales data</ns2:Feature>
						<ns2:ItemDimensions>
							<ns2:Height Units="inches">10.88</ns2:Height>
							<ns2:Length Units="inches">9.31</ns2:Length>
							<ns2:Width Units="inches">7.94</ns2:Width>
							<ns2:Weight Units="pounds">9.10</ns2:Weight>
						</ns2:ItemDimensions>
						<ns2:IsAdultProduct>false</ns2:IsAdultProduct>
						<ns2:Label>Pampers</ns2:Label>
						<ns2:ListPrice>
							<ns2:Amount>15.99</ns2:Amount>
							<ns2:CurrencyCode>USD</ns2:CurrencyCode>
						</ns2:ListPrice>
						<ns2:Manufacturer>Pampers</ns2:Manufacturer>
						<ns2:ManufacturerMaximumAge Units="months">36.00
						</ns2:ManufacturerMaximumAge>
						<ns2:ManufacturerMinimumAge Units="months">6.00
						</ns2:ManufacturerMinimumAge>
						<ns2:Model>-5636</ns2:Model>
						<ns2:NumberOfItems>1</ns2:NumberOfItems>
						<ns2:PackageDimensions>
							<ns2:Height Units="inches">9.02</ns2:Height>
							<ns2:Length Units="inches">10.98</ns2:Length>
							<ns2:Width Units="inches">10.00</ns2:Width>
							<ns2:Weight Units="pounds">9.50</ns2:Weight>
						</ns2:PackageDimensions>
						<ns2:PackageQuantity>1</ns2:PackageQuantity>
						<ns2:PartNumber>-5636</ns2:PartNumber>
						<ns2:ProductGroup>Health and Beauty</ns2:ProductGroup>
						<ns2:ProductTypeName>HEALTH_PERSONAL_CARE</ns2:ProductTypeName>
						<ns2:PublicationDate>2012-08-31</ns2:PublicationDate>
						<ns2:Publisher>Pampers</ns2:Publisher>
						<ns2:ReleaseDate>2012-07-29</ns2:ReleaseDate>
						<ns2:Scent>Free</ns2:Scent>
						<ns2:Size>7x (448 Count)</ns2:Size>
						<ns2:SmallImage>
							<ns2:URL>http://ecx.images-amazon.com/images/I/51l%2BF-7OL1L._SL75_.jpg
							</ns2:URL>
							<ns2:Height Units="pixels">75</ns2:Height>
							<ns2:Width Units="pixels">75</ns2:Width>
						</ns2:SmallImage>
						<ns2:Studio>Pampers</ns2:Studio>
						<ns2:Title>Pampers Baby Wipes Sensitive 7X Refill, 448 Count
						</ns2:Title>
					</ns2:ItemAttributes>
				</AttributeSets>
				<Relationships>
					<VariationParent
						xmlns="http://mws.amazonservices.com/schema/Products/2011-10-01">
						<Identifiers>
							<MarketplaceASIN>
								<MarketplaceId>ATVPDKIKX0DER</MarketplaceId>
								<ASIN>B00LN4X93M</ASIN>
							</MarketplaceASIN>
						</Identifiers>
					</VariationParent>
				</Relationships>
				<SalesRankings>
					<SalesRank>
						<ProductCategoryId>health_and_beauty_display_on_website
						</ProductCategoryId>
						<Rank>3</Rank>
					</SalesRank>
					<SalesRank>
						<ProductCategoryId>677974011</ProductCategoryId>
						<Rank>1</Rank>
					</SalesRank>
				</SalesRankings>
			</Product>
			<Product>
				<Identifiers>
					<MarketplaceASIN>
						<MarketplaceId>ATVPDKIKX0DER</MarketplaceId>
						<ASIN>1503937259</ASIN>
					</MarketplaceASIN>
				</Identifiers>
				<AttributeSets>
					<ns2:ItemAttributes xml:lang="en-US"
						xmlns:ns2="http://mws.amazonservices.com/schema/Products/2011-10-01/default.xsd">
						<ns2:Author>McNeal, Laura</ns2:Author>
						<ns2:Binding>Paperback</ns2:Binding>
						<ns2:ItemDimensions>
							<ns2:Height Units="inches">8.25</ns2:Height>
							<ns2:Length Units="inches">5.50</ns2:Length>
							<ns2:Width Units="inches">1.00</ns2:Width>
						</ns2:ItemDimensions>
						<ns2:Label>Little A</ns2:Label>
						<ns2:Languages>
							<ns2:Language>
								<ns2:Name>english</ns2:Name>
								<ns2:Type>Published</ns2:Type>
							</ns2:Language>
							<ns2:Language>
								<ns2:Name>english</ns2:Name>
								<ns2:Type>Original Language</ns2:Type>
							</ns2:Language>
							<ns2:Language>
								<ns2:Name>english</ns2:Name>
								<ns2:Type>Unknown</ns2:Type>
							</ns2:Language>
						</ns2:Languages>
						<ns2:ListPrice>
							<ns2:Amount>14.95</ns2:Amount>
							<ns2:CurrencyCode>USD</ns2:CurrencyCode>
						</ns2:ListPrice>
						<ns2:Manufacturer>Little A</ns2:Manufacturer>
						<ns2:NumberOfPages>492</ns2:NumberOfPages>
						<ns2:PackageDimensions>
							<ns2:Height Units="inches">1.42</ns2:Height>
							<ns2:Length Units="inches">8.19</ns2:Length>
							<ns2:Width Units="inches">5.43</ns2:Width>
							<ns2:Weight Units="pounds">1.05</ns2:Weight>
						</ns2:PackageDimensions>
						<ns2:PackageQuantity>1</ns2:PackageQuantity>
						<ns2:ProductGroup>Book</ns2:ProductGroup>
						<ns2:ProductTypeName>ABIS_BOOK</ns2:ProductTypeName>
						<ns2:PublicationDate>2017-04-01</ns2:PublicationDate>
						<ns2:Publisher>Little A</ns2:Publisher>
						<ns2:ReleaseDate>2017-04-01</ns2:ReleaseDate>
						<ns2:SmallImage>
							<ns2:URL>http://ecx.images-amazon.com/images/I/51UB6KKsvNL._SL75_.jpg
							</ns2:URL>
							<ns2:Height Units="pixels">75</ns2:Height>
							<ns2:Width Units="pixels">50</ns2:Width>
						</ns2:SmallImage>
						<ns2:Studio>Little A</ns2:Studio>
						<ns2:Title>The Practice House</ns2:Title>
					</ns2:ItemAttributes>
				</AttributeSets>
				<Relationships></Relationships>
				<SalesRankings>
					<SalesRank>
						<ProductCategoryId>book_display_on_website</ProductCategoryId>
						<Rank>4892</Rank>
					</SalesRank>
					<SalesRank>
						<ProductCategoryId>3558939011</ProductCategoryId>
						<Rank>219</Rank>
					</SalesRank>
					<SalesRank>
						<ProductCategoryId>11047977011</ProductCategoryId>
						<Rank>346</Rank>
					</SalesRank>
					<SalesRank>
						<ProductCategoryId>10177</ProductCategoryId>
						<Rank>689</Rank>
					</SalesRank>
				</SalesRankings>
			</Product>
			<Product>
				<Identifiers>
					<MarketplaceASIN>
						<MarketplaceId>ATVPDKIKX0DER</MarketplaceId>
						<ASIN>B00ZV9RDKK</ASIN>
					</MarketplaceASIN>
				</Identifiers>
				<AttributeSets>
					<ns2:ItemAttributes xml:lang="en-US"
						xmlns:ns2="http://mws.amazonservices.com/schema/Products/2011-10-01/default.xsd">
						<ns2:Binding>Electronics</ns2:Binding>
						<ns2:Brand>Amazon</ns2:Brand>
						<ns2:Color>BLACK</ns2:Color>
						<ns2:Feature>The next generation of our bestselling Fire TV Stick.
							The most powerful streaming media stick under $50-now with the
							Alexa Voice Remote.</ns2:Feature>
						<ns2:Feature>Enjoy over 10,000 apps, games, and Alexa skills
							including Netflix, Hulu, HBO NOW, YouTube, Amazon Video, NBC,
							WatchESPN, Disney, and more. Subscription fees may apply.
						</ns2:Feature>
						<ns2:Feature>Launch and control content with the included Alexa
							Voice Remote. Simply say, "Play Game of Thrones" or "Launch
							Netflix" and Alexa will respond instantly. Plus, play music, find
							movie show times, order a pizza, and more-just ask.</ns2:Feature>
						<ns2:Feature>No cable or satellite? No problem. Watch the best of
							live TV and sports from AMC, HGTV, ESPN, FOX, and others with a
							subscription to DIRECTV NOW, or top-rated primetime shows with
							CBS All Access.</ns2:Feature>
						<ns2:Feature>Find the best way to watch with universal search
							results from over 140 channels and apps including Netflix, Hulu,
							and Amazon Video</ns2:Feature>
						<ns2:Feature>Prime members get unlimited access to Prime Video,
							featuring thousands of movies and TV episodes at no additional
							cost. Plus, members can add over 100 premium and specialty
							channels like HBO and SHOWTIME-no cable or satellite subscription
							necessary.</ns2:Feature>
						<ns2:Feature>Pick up where you left off. Bring hit shows and
							movies with you when you travel. Plug Fire TV Stick into any TV's
							HDMI port, connect to Wi-Fi, and continue watching.</ns2:Feature>
						<ns2:Feature>Play current favorites or quickly discover what to
							watch next directly from the Home screen</ns2:Feature>
						<ns2:ItemDimensions>
							<ns2:Height Units="inches">0.50</ns2:Height>
							<ns2:Length Units="inches">3.38</ns2:Length>
							<ns2:Width Units="inches">1.18</ns2:Width>
							<ns2:Weight Units="pounds">0.07</ns2:Weight>
						</ns2:ItemDimensions>
						<ns2:Label>Amazon</ns2:Label>
						<ns2:ListPrice>
							<ns2:Amount>39.99</ns2:Amount>
							<ns2:CurrencyCode>USD</ns2:CurrencyCode>
						</ns2:ListPrice>
						<ns2:Manufacturer>Amazon</ns2:Manufacturer>
						<ns2:Model>LY73PR</ns2:Model>
						<ns2:PackageDimensions>
							<ns2:Height Units="inches">1.40</ns2:Height>
							<ns2:Length Units="inches">5.90</ns2:Length>
							<ns2:Width Units="inches">3.70</ns2:Width>
							<ns2:Weight Units="pounds">0.40</ns2:Weight>
						</ns2:PackageDimensions>
						<ns2:PartNumber>B00ZV9RDKK</ns2:PartNumber>
						<ns2:ProductGroup>Amazon SMP</ns2:ProductGroup>
						<ns2:ProductTypeName>DIGITAL_DEVICE_4</ns2:ProductTypeName>
						<ns2:Publisher>Amazon</ns2:Publisher>
						<ns2:ReleaseDate>2016-10-20</ns2:ReleaseDate>
						<ns2:Size>0</ns2:Size>
						<ns2:SmallImage>
							<ns2:URL>http://ecx.images-amazon.com/images/I/41vQqNH7zQL._SL75_.jpg
							</ns2:URL>
							<ns2:Height Units="pixels">75</ns2:Height>
							<ns2:Width Units="pixels">75</ns2:Width>
						</ns2:SmallImage>
						<ns2:Studio>Amazon</ns2:Studio>
						<ns2:Title>Fire TV Stick with Alexa Voice Remote | Streaming Media
							Player</ns2:Title>
					</ns2:ItemAttributes>
				</AttributeSets>
				<Relationships></Relationships>
				<SalesRankings>
					<SalesRank>
						<ProductCategoryId>ce_display_on_website</ProductCategoryId>
						<Rank>1</Rank>
					</SalesRank>
					<SalesRank>
						<ProductCategoryId>13447451</ProductCategoryId>
						<Rank>1</Rank>
					</SalesRank>
					<SalesRank>
						<ProductCategoryId>8521791011</ProductCategoryId>
						<Rank>1</Rank>
					</SalesRank>
					<SalesRank>
						<ProductCategoryId>1266092011</ProductCategoryId>
						<Rank>1</Rank>
					</SalesRank>
				</SalesRankings>
			</Product>
			<Product>
				<Identifiers>
					<MarketplaceASIN>
						<MarketplaceId>ATVPDKIKX0DER</MarketplaceId>
						<ASIN>B0163GBZK8</ASIN>
					</MarketplaceASIN>
				</Identifiers>
				<AttributeSets>
					<ns2:ItemAttributes xml:lang="en-US"
						xmlns:ns2="http://mws.amazonservices.com/schema/Products/2011-10-01/default.xsd">
						<ns2:Binding>Health and Beauty</ns2:Binding>
						<ns2:Brand>Radha Beauty</ns2:Brand>
						<ns2:Color>black</ns2:Color>
						<ns2:Feature>Contains the following top 6 therapeutic essential
							oils: Lavender, Tea Tree, Eucalyptus, Peppermint, Lemongrass,
							Sweet Orange</ns2:Feature>
						<ns2:Feature>Perfect gift set for any occasion</ns2:Feature>
						<ns2:Feature>100% Pure: No additives, fillers, bases or carriers
							added</ns2:Feature>
						<ns2:Feature>Uses: Aromatherapy, Custom Massage and Body Oils,
							Vaporizers, Diffusers, Oil Burners, Inhalation, Perfume, Blends,
							Spa and Home Care, Cleaning Products</ns2:Feature>
						<ns2:Feature>For external use only</ns2:Feature>
						<ns2:ItemDimensions>
							<ns2:Height Units="inches">0.50</ns2:Height>
							<ns2:Length Units="inches">6.00</ns2:Length>
							<ns2:Width Units="inches">2.00</ns2:Width>
						</ns2:ItemDimensions>
						<ns2:IsAdultProduct>false</ns2:IsAdultProduct>
						<ns2:Label>Radha Beauty Products LLC</ns2:Label>
						<ns2:ListPrice>
							<ns2:Amount>26.57</ns2:Amount>
							<ns2:CurrencyCode>USD</ns2:CurrencyCode>
						</ns2:ListPrice>
						<ns2:Manufacturer>Radha Beauty Products LLC</ns2:Manufacturer>
						<ns2:MaterialType>glass</ns2:MaterialType>
						<ns2:NumberOfItems>1</ns2:NumberOfItems>
						<ns2:PackageDimensions>
							<ns2:Height Units="inches">0.94</ns2:Height>
							<ns2:Length Units="inches">7.72</ns2:Length>
							<ns2:Width Units="inches">2.36</ns2:Width>
							<ns2:Weight Units="pounds">1.32</ns2:Weight>
						</ns2:PackageDimensions>
						<ns2:PackageQuantity>1</ns2:PackageQuantity>
						<ns2:PartNumber>B0163GBZK8</ns2:PartNumber>
						<ns2:ProductGroup>Health and Beauty</ns2:ProductGroup>
						<ns2:ProductTypeName>HEALTH_PERSONAL_CARE</ns2:ProductTypeName>
						<ns2:Publisher>Radha Beauty Products LLC</ns2:Publisher>
						<ns2:Scent>aromatherapy</ns2:Scent>
						<ns2:SmallImage>
							<ns2:URL>http://ecx.images-amazon.com/images/I/51JpVbOhrwL._SL75_.jpg
							</ns2:URL>
							<ns2:Height Units="pixels">75</ns2:Height>
							<ns2:Width Units="pixels">75</ns2:Width>
						</ns2:SmallImage>
						<ns2:Studio>Radha Beauty Products LLC</ns2:Studio>
						<ns2:Title>Radha Beauty Aromatherapy Top 6 Essential Oils 100%
							Pure &amp; Therapeutic grade - Basic Sampler Gift Set &amp;
							Premium Kit - 6/10 Ml (Lavender, Tea Tree, Eucalyptus,
							Lemongrass, Orange, Peppermint)</ns2:Title>
					</ns2:ItemAttributes>
				</AttributeSets>
				<Relationships></Relationships>
				<SalesRankings>
					<SalesRank>
						<ProductCategoryId>health_and_beauty_display_on_website
						</ProductCategoryId>
						<Rank>11</Rank>
					</SalesRank>
					<SalesRank>
						<ProductCategoryId>16250411</ProductCategoryId>
						<Rank>1</Rank>
					</SalesRank>
				</SalesRankings>
			</Product>
			<Product>
				<Identifiers>
					<MarketplaceASIN>
						<MarketplaceId>ATVPDKIKX0DER</MarketplaceId>
						<ASIN>B01MQA3LZG</ASIN>
					</MarketplaceASIN>
				</Identifiers>
				<AttributeSets>
					<ns2:ItemAttributes xml:lang="en-US"
						xmlns:ns2="http://mws.amazonservices.com/schema/Products/2011-10-01/default.xsd">
						<ns2:Binding>Video Game</ns2:Binding>
						<ns2:Brand>Sony</ns2:Brand>
						<ns2:Edition>Standard</ns2:Edition>
						<ns2:ESRBAgeRating>Everyone</ns2:ESRBAgeRating>
						<ns2:Feature>Road to The Show: Take complete control in our RPG
							mode, with new opportunities to make decisions on and off the
							field that change the path of your career.</ns2:Feature>
						<ns2:Feature>Retro Mode: A retro-sim inspired game play experience
							that pays homage to the classic baseball games many of us grew up
							on.</ns2:Feature>
						<ns2:Feature>New Ways to Play: Now with new managerial and
							gameplay options that provide different levels of acceleration to
							progress your franchise while maintaining the control you want
							to.</ns2:Feature>
						<ns2:Genre>baseball-game-genre</ns2:Genre>
						<ns2:HardwarePlatform>PlayStation 4</ns2:HardwarePlatform>
						<ns2:ItemDimensions>
							<ns2:Height Units="inches">6.75</ns2:Height>
							<ns2:Length Units="inches">5.56</ns2:Length>
							<ns2:Width Units="inches">0.56</ns2:Width>
							<ns2:Weight Units="pounds">0.25</ns2:Weight>
						</ns2:ItemDimensions>
						<ns2:IsAdultProduct>false</ns2:IsAdultProduct>
						<ns2:IsEligibleForTradeIn>true</ns2:IsEligibleForTradeIn>
						<ns2:Label>Sony Computer Entertainment</ns2:Label>
						<ns2:Languages>
							<ns2:Language>
								<ns2:Name>english</ns2:Name>
								<ns2:Type>Unknown</ns2:Type>
							</ns2:Language>
						</ns2:Languages>
						<ns2:ListPrice>
							<ns2:Amount>59.99</ns2:Amount>
							<ns2:CurrencyCode>USD</ns2:CurrencyCode>
						</ns2:ListPrice>
						<ns2:Manufacturer>Sony Computer Entertainment</ns2:Manufacturer>
						<ns2:Model>711719504597</ns2:Model>
						<ns2:OperatingSystem>playstation_4</ns2:OperatingSystem>
						<ns2:PackageDimensions>
							<ns2:Height Units="inches">0.51</ns2:Height>
							<ns2:Length Units="inches">6.81</ns2:Length>
							<ns2:Width Units="inches">5.51</ns2:Width>
							<ns2:Weight Units="pounds">0.15</ns2:Weight>
						</ns2:PackageDimensions>
						<ns2:PackageQuantity>1</ns2:PackageQuantity>
						<ns2:PartNumber>711719504597</ns2:PartNumber>
						<ns2:PegiRating>ages_3_and_over</ns2:PegiRating>
						<ns2:Platform>PlayStation 4</ns2:Platform>
						<ns2:ProductGroup>Video Games</ns2:ProductGroup>
						<ns2:ProductTypeName>CONSOLE_VIDEO_GAMES</ns2:ProductTypeName>
						<ns2:Publisher>Sony Computer Entertainment</ns2:Publisher>
						<ns2:ReleaseDate>2017-03-28</ns2:ReleaseDate>
						<ns2:SmallImage>
							<ns2:URL>http://ecx.images-amazon.com/images/I/51vVdfgdrsL._SL75_.jpg
							</ns2:URL>
							<ns2:Height Units="pixels">75</ns2:Height>
							<ns2:Width Units="pixels">60</ns2:Width>
						</ns2:SmallImage>
						<ns2:Studio>Sony Computer Entertainment</ns2:Studio>
						<ns2:Title>MLB The Show 17 Standard Edition - PlayStation 4
							Standard Edition</ns2:Title>
					</ns2:ItemAttributes>
				</AttributeSets>
				<Relationships>
					<VariationParent
						xmlns="http://mws.amazonservices.com/schema/Products/2011-10-01">
						<Identifiers>
							<MarketplaceASIN>
								<MarketplaceId>ATVPDKIKX0DER</MarketplaceId>
								<ASIN>B01MG5O4JI</ASIN>
							</MarketplaceASIN>
						</Identifiers>
					</VariationParent>
				</Relationships>
				<SalesRankings>
					<SalesRank>
						<ProductCategoryId>video_games_display_on_website
						</ProductCategoryId>
						<Rank>11</Rank>
					</SalesRank>
					<SalesRank>
						<ProductCategoryId>6427831011</ProductCategoryId>
						<Rank>3</Rank>
					</SalesRank>
				</SalesRankings>
			</Product>
			<Product>
				<Identifiers>
					<MarketplaceASIN>
						<MarketplaceId>ATVPDKIKX0DER</MarketplaceId>
						<ASIN>B0009X29WK</ASIN>
					</MarketplaceASIN>
				</Identifiers>
				<AttributeSets>
					<ns2:ItemAttributes xml:lang="en-US"
						xmlns:ns2="http://mws.amazonservices.com/schema/Products/2011-10-01/default.xsd">
						<ns2:Binding>Misc.</ns2:Binding>
						<ns2:Brand>Precious Cat</ns2:Brand>
						<ns2:Department>Litter &amp; Accessories</ns2:Department>
						<ns2:Feature>Hypo-allergenic, contains no plant proteins
						</ns2:Feature>
						<ns2:Feature>Contains no perfumes or deodorants</ns2:Feature>
						<ns2:Feature>All-natural clumping kitty litter</ns2:Feature>
						<ns2:Feature>Prevents moisture from reaching the bottom of litter
							box or tray</ns2:Feature>
						<ns2:Feature>99.9% dust-free and uses heavy, non-tracking granules
							for less mess</ns2:Feature>
						<ns2:Feature>Ideal for sifting/mechanical litter boxes
						</ns2:Feature>
						<ns2:Flavor>N/A</ns2:Flavor>
						<ns2:ItemDimensions>
							<ns2:Height Units="inches">26.00</ns2:Height>
							<ns2:Length Units="inches">4.00</ns2:Length>
							<ns2:Width Units="inches">15.00</ns2:Width>
							<ns2:Weight Units="pounds">40.00</ns2:Weight>
						</ns2:ItemDimensions>
						<ns2:Label>Precious Cat</ns2:Label>
						<ns2:ListPrice>
							<ns2:Amount>19.99</ns2:Amount>
							<ns2:CurrencyCode>USD</ns2:CurrencyCode>
						</ns2:ListPrice>
						<ns2:Manufacturer>Precious Cat</ns2:Manufacturer>
						<ns2:Model>460U</ns2:Model>
						<ns2:NumberOfItems>1</ns2:NumberOfItems>
						<ns2:PackageDimensions>
							<ns2:Height Units="inches">4.02</ns2:Height>
							<ns2:Length Units="inches">22.01</ns2:Length>
							<ns2:Width Units="inches">14.02</ns2:Width>
							<ns2:Weight Units="pounds">40.45</ns2:Weight>
						</ns2:PackageDimensions>
						<ns2:PackageQuantity>1</ns2:PackageQuantity>
						<ns2:PartNumber>460U</ns2:PartNumber>
						<ns2:ProductGroup>Pet Products</ns2:ProductGroup>
						<ns2:ProductTypeName>PET_SUPPLIES</ns2:ProductTypeName>
						<ns2:Publisher>Precious Cat</ns2:Publisher>
						<ns2:ReleaseDate>2007-05-01</ns2:ReleaseDate>
						<ns2:Size>40 pound bag</ns2:Size>
						<ns2:SmallImage>
							<ns2:URL>http://ecx.images-amazon.com/images/I/51-NvLB2bkL._SL75_.jpg
							</ns2:URL>
							<ns2:Height Units="pixels">75</ns2:Height>
							<ns2:Width Units="pixels">67</ns2:Width>
						</ns2:SmallImage>
						<ns2:Studio>Precious Cat</ns2:Studio>
						<ns2:Title>Precious Cat Ultra Premium Clumping Cat Litter, 40
							pound bag</ns2:Title>
						<ns2:Warranty>Guaranteed litter box use,Toll free customer service
							number</ns2:Warranty>
					</ns2:ItemAttributes>
				</AttributeSets>
				<Relationships>
					<VariationParent
						xmlns="http://mws.amazonservices.com/schema/Products/2011-10-01">
						<Identifiers>
							<MarketplaceASIN>
								<MarketplaceId>ATVPDKIKX0DER</MarketplaceId>
								<ASIN>B00OW5HEBC</ASIN>
							</MarketplaceASIN>
						</Identifiers>
					</VariationParent>
				</Relationships>
				<SalesRankings>
					<SalesRank>
						<ProductCategoryId>pet_products_display_on_website
						</ProductCategoryId>
						<Rank>1</Rank>
					</SalesRank>
					<SalesRank>
						<ProductCategoryId>2975298011</ProductCategoryId>
						<Rank>1</Rank>
					</SalesRank>
				</SalesRankings>
			</Product>
			<Product>
				<Identifiers>
					<MarketplaceASIN>
						<MarketplaceId>ATVPDKIKX0DER</MarketplaceId>
						<ASIN>B0006HUJJO</ASIN>
					</MarketplaceASIN>
				</Identifiers>
				<AttributeSets>
					<ns2:ItemAttributes xml:lang="en-US"
						xmlns:ns2="http://mws.amazonservices.com/schema/Products/2011-10-01/default.xsd">
						<ns2:Binding>Office Product</ns2:Binding>
						<ns2:Brand>Elmer's</ns2:Brand>
						<ns2:Color>White</ns2:Color>
						<ns2:Department>Pens &amp; Desk Supplies</ns2:Department>
						<ns2:Feature>Bonds to paper, wood, fabric, ceramics, and more
						</ns2:Feature>
						<ns2:Feature>Safe, washable, and non-toxic</ns2:Feature>
						<ns2:Feature>No-run formula is adjustable before setting
						</ns2:Feature>
						<ns2:Feature>The #1 teacher brand, it's ideal for arts, crafts,
							and school projects</ns2:Feature>
						<ns2:Feature>Great for creating slime at home or in the classroom!
						</ns2:Feature>
						<ns2:ItemDimensions>
							<ns2:Height Units="inches">11.00</ns2:Height>
							<ns2:Length Units="inches">5.90</ns2:Length>
							<ns2:Width Units="inches">5.90</ns2:Width>
							<ns2:Weight Units="pounds">3.00</ns2:Weight>
						</ns2:ItemDimensions>
						<ns2:IsAdultProduct>false</ns2:IsAdultProduct>
						<ns2:IsAutographed>false</ns2:IsAutographed>
						<ns2:IsMemorabilia>false</ns2:IsMemorabilia>
						<ns2:Label>Elmers</ns2:Label>
						<ns2:Languages>
							<ns2:Language>
								<ns2:Name>english</ns2:Name>
								<ns2:Type>Published</ns2:Type>
							</ns2:Language>
						</ns2:Languages>
						<ns2:ListPrice>
							<ns2:Amount>20.49</ns2:Amount>
							<ns2:CurrencyCode>USD</ns2:CurrencyCode>
						</ns2:ListPrice>
						<ns2:Manufacturer>Elmers</ns2:Manufacturer>
						<ns2:ManufacturerMaximumAge Units="months">108.00
						</ns2:ManufacturerMaximumAge>
						<ns2:ManufacturerMinimumAge Units="months">0.00
						</ns2:ManufacturerMinimumAge>
						<ns2:MaterialType>Glue</ns2:MaterialType>
						<ns2:Model>E340</ns2:Model>
						<ns2:NumberOfItems>1</ns2:NumberOfItems>
						<ns2:PackageDimensions>
							<ns2:Height Units="inches">6.00</ns2:Height>
							<ns2:Length Units="inches">12.00</ns2:Length>
							<ns2:Width Units="inches">6.00</ns2:Width>
							<ns2:Weight Units="pounds">9.00</ns2:Weight>
						</ns2:PackageDimensions>
						<ns2:PackageQuantity>1</ns2:PackageQuantity>
						<ns2:PartNumber>E340</ns2:PartNumber>
						<ns2:Platform>Windows</ns2:Platform>
						<ns2:ProductGroup>Office Product</ns2:ProductGroup>
						<ns2:ProductTypeName>OFFICE_PRODUCTS</ns2:ProductTypeName>
						<ns2:PublicationDate>2015-08-01</ns2:PublicationDate>
						<ns2:Publisher>Elmers</ns2:Publisher>
						<ns2:Size>1 Gallon</ns2:Size>
						<ns2:SmallImage>
							<ns2:URL>http://ecx.images-amazon.com/images/I/41X9OvvdItL._SL75_.jpg
							</ns2:URL>
							<ns2:Height Units="pixels">75</ns2:Height>
							<ns2:Width Units="pixels">75</ns2:Width>
						</ns2:SmallImage>
						<ns2:Studio>Elmers</ns2:Studio>
						<ns2:Title>Elmer's Liquid School Glue, Washable, 1 Gallon, 1 Count
						</ns2:Title>
					</ns2:ItemAttributes>
				</AttributeSets>
				<Relationships>
					<VariationParent
						xmlns="http://mws.amazonservices.com/schema/Products/2011-10-01">
						<Identifiers>
							<MarketplaceASIN>
								<MarketplaceId>ATVPDKIKX0DER</MarketplaceId>
								<ASIN>B00DNUAO96</ASIN>
							</MarketplaceASIN>
						</Identifiers>
					</VariationParent>
				</Relationships>
				<SalesRankings>
					<SalesRank>
						<ProductCategoryId>office_product_display_on_website
						</ProductCategoryId>
						<Rank>1</Rank>
					</SalesRank>
					<SalesRank>
						<ProductCategoryId>12890741</ProductCategoryId>
						<Rank>1</Rank>
					</SalesRank>
					<SalesRank>
						<ProductCategoryId>1068996</ProductCategoryId>
						<Rank>1</Rank>
					</SalesRank>
					<SalesRank>
						<ProductCategoryId>8090716011</ProductCategoryId>
						<Rank>1</Rank>
					</SalesRank>
				</SalesRankings>
			</Product>
			<Product>
				<Identifiers>
					<MarketplaceASIN>
						<MarketplaceId>ATVPDKIKX0DER</MarketplaceId>
						<ASIN>B06XRQG7XC</ASIN>
					</MarketplaceASIN>
				</Identifiers>
				<AttributeSets>
					<ns2:ItemAttributes xml:lang="en-US"
						xmlns:ns2="http://mws.amazonservices.com/schema/Products/2011-10-01/default.xsd">
						<ns2:Brand>Tom's Fidgets</ns2:Brand>
						<ns2:Color>Black 2</ns2:Color>
						<ns2:Feature>Flick And Spin for hours With Just One Or Both Hands.
							Guarantee 2 - 4 minutes Spin Time! (This depends on the power you
							use to spin), Perfect Size suitable for autism adults and
							children over 10 years old</ns2:Feature>
						<ns2:Feature>Just keep your hands busy, Great for Fidgety
							Hands,Help ADD &amp; ADHD sufferers Relieve Stress and
							Anxiety,Ease your boredom when waiting in car or airport
						</ns2:Feature>
						<ns2:Feature>bring out that creative genius lying deep within you
							by increasing your concentration any time on the go, whether
							you're at home, at school, or at the workplace. The Spinner helps
							you find new perspectives as you put your brain to use, whether
							studying, brainstorming, researching, etc</ns2:Feature>
						<ns2:Feature>Use This Way:Hold spinner in one hand and use the
							other hand to spin it rapidly using small continuous strikes to
							keep it spinning indefinitely with practice,spinners can be spun
							using one hand only using the fingers of one hand to stop and
							start spinning</ns2:Feature>
						<ns2:Feature>Feels smooth and comforting right in your pocket;
							build your concentration, put stress and anxiety at bay, or just
							enjoy some fun play time by unleashing your helpful pocket
							buddy!Eliminate stress and enjoy the occasional pass-time spin
							fun.</ns2:Feature>
						<ns2:Label>Tom's Fidgets</ns2:Label>
						<ns2:Manufacturer>Tom's Fidgets</ns2:Manufacturer>
						<ns2:PackageQuantity>1</ns2:PackageQuantity>
						<ns2:PartNumber>sd-1</ns2:PartNumber>
						<ns2:ProductGroup>Automotive Parts and Accessories
						</ns2:ProductGroup>
						<ns2:ProductTypeName>POWERSPORTS_VEHICLE_PART
						</ns2:ProductTypeName>
						<ns2:Publisher>Tom's Fidgets</ns2:Publisher>
						<ns2:Size>1 FS</ns2:Size>
						<ns2:SmallImage>
							<ns2:URL>http://ecx.images-amazon.com/images/I/41ztGshYfyL._SL75_.jpg
							</ns2:URL>
							<ns2:Height Units="pixels">50</ns2:Height>
							<ns2:Width Units="pixels">75</ns2:Width>
						</ns2:SmallImage>
						<ns2:Studio>Tom's Fidgets</ns2:Studio>
						<ns2:Title>SPINTECH - Omega Tri-Spinner Fidget Toy With Premium
							Hybrid Ceramic Bearing</ns2:Title>
					</ns2:ItemAttributes>
				</AttributeSets>
				<Relationships>
					<VariationParent
						xmlns="http://mws.amazonservices.com/schema/Products/2011-10-01">
						<Identifiers>
							<MarketplaceASIN>
								<MarketplaceId>ATVPDKIKX0DER</MarketplaceId>
								<ASIN>B01MU34Q59</ASIN>
							</MarketplaceASIN>
						</Identifiers>
					</VariationParent>
				</Relationships>
				<SalesRankings>
					<SalesRank>
						<ProductCategoryId>automotive_display_on_website
						</ProductCategoryId>
						<Rank>171</Rank>
					</SalesRank>
					<SalesRank>
						<ProductCategoryId>3407921</ProductCategoryId>
						<Rank>25</Rank>
					</SalesRank>
					<SalesRank>
						<ProductCategoryId>11312453011</ProductCategoryId>
						<Rank>79</Rank>
					</SalesRank>
				</SalesRankings>
			</Product>
		</Products>
	</ListMatchingProductsResult>
	<ResponseMetadata>
		<RequestId>9944aaa9-0aac-4b38-8b16-6faedba89de9</RequestId>
	</ResponseMetadata>
</ListMatchingProductsResponse>
