<entity-mappings>
    <class>org.mega.core.person.Person</class>
    <class>org.mega.core.user.User</class>
    <class>org.mega.core.base.BaseEntity</class>
    <class>org.mega.core.accessgrp.AccessGrp</class>
    <class>org.mega.core.action.Action</class>
    <class>org.mega.core.role.Role</class>
    <class>org.mega.core.usecase.UseCase</class>
    <class>org.mega.core.usecaseaction.UsecaseAction</class>
    <class>org.mega.core.userrole.UserRole</class>
    <class>org.mega.core.comboval.ComboVal</class>
    <class>org.mega.core.organization.Organization</class>
</entity-mappings>